"","time","POM","MOM","QOM","DOM","MB","EP","EM","IC","Tot"
"1",0,4.71,17.67,0,0.148,0.52,0.052,0.052,0,23.484
"2",1,4.69832826646027,17.732748921635,0.000425651329314719,0.0435955814537621,0.390480419169276,0.0571460263148927,0.0571460263148927,0.172129107322636,23.3118708926774
"3",2,4.62702498381286,17.7999318680365,0.00067366047142264,0.0410392119445408,0.305525160631933,0.0610113327642147,0.0610113327642147,0.255782449574277,23.2282175504257
"4",3,4.52773000063292,17.8696739267661,0.000925645353249547,0.043287892813121,0.257486348700648,0.0641384231737042,0.0641384231737042,0.324619339386595,23.1593806606134
"5",4,4.41429960502034,17.9408761994239,0.00119363530778146,0.0461931649380492,0.228351207004708,0.0668331735325109,0.0668331735325109,0.387419841240209,23.0965801587598
"6",5,4.29314545385878,18.0128408004171,0.00147876119720715,0.0489606826386999,0.209828521627864,0.0692587001520443,0.0692587001520443,0.447228379956238,23.0367716200437
"7",6,4.16770433384053,18.085091052875,0.00177914581230313,0.0512902380514086,0.197699148350993,0.0715098411448906,0.0715098411448906,0.505416398779995,22.97858360122
"8",7,4.04001972996767,18.1572829042796,0.00209179581171893,0.0530854771678879,0.189588677309844,0.0736449688826917,0.0736449688826917,0.562641477697916,22.9213585223021
"9",8,3.91140133072507,18.2291563048744,0.0024134964740594,0.0543577643158498,0.184057923391342,0.0757012093229493,0.0757012093229493,0.619210761573394,22.8647892384266
"10",9,3.78273576242091,18.3005066910125,0.00274128191568862,0.0551702412712823,0.180192849708985,0.077702479717293,0.077702479717293,0.675248214236063,22.8087517857639
"11",10,3.65465124825122,18.3711672469439,0.00307263603057239,0.0556053006537007,0.177395028165516,0.0796641934759432,0.0796641934759432,0.730780153003263,22.7532198469967
"12",11,3.52761019231232,18.4409977267081,0.00340554227114069,0.0557441454205737,0.175267655387863,0.0815961493687019,0.0815961493687019,0.785782439162595,22.6982175608374
"13",12,3.4019649856036,18.5098772705709,0.00373844340961673,0.0556570037982806,0.173546863516212,0.0835044117807226,0.0835044117807226,0.840206609539969,22.64379339046
"14",13,3.2779936384188,18.577699607984,0.0040701591998693,0.0554002543978884,0.172056986104874,0.0853925861783748,0.0853925861783748,0.893994181537866,22.5900058184621
"15",14,3.15592103799542,18.6443702571487,0.00439980728750744,0.0550167334018806,0.17068282112325,0.0872626249137201,0.0872626249137201,0.947084093215809,22.5369159067842
"16",15,3.03593362088003,18.7098046064339,0.00472672839984571,0.0545374850746616,0.169349793841957,0.0891154072211407,0.0891154072211407,0.999416950927298,22.4845830490727
"17",16,2.91818915870556,18.7739265977463,0.00505042076431732,0.0539850976401587,0.168009953798906,0.090951131738924,0.090951131738924,1.05093650786691,22.4330634921331
"18",17,2.8028220104704,18.8366681393645,0.00537050085016662,0.0533756688824061,0.166634028830107,0.0927695427193851,0.0927695427193851,1.10159056616366,22.3824094338363
"19",18,2.68994806394162,18.8979684516367,0.00568666567427003,0.0527206636203446,0.165204240065228,0.0945701365520647,0.0945701365520647,1.15133164195776,22.3326683580422
"20",19,2.57966722046157,18.9577736932384,0.0059986715525764,0.0520283967994832,0.163710600835004,0.0963522602667417,0.0963522602667417,1.20011689657954,22.2838831034204
"21",20,2.47206444905792,19.0160369489904,0.00630631838461607,0.051305730150864,0.162148482740436,0.098115169901349,0.098115169901349,1.24790773087311,22.2360922691269
"22",21,2.36721185876059,19.0727177505426,0.00660944025175744,0.0505578389095056,0.160516609001374,0.0998580969088907,0.0998580969088907,1.2946703087164,22.1893296912836
"23",22,2.26517157389816,19.1277806344325,0.00690789655381298,0.0497884275991281,0.158816517434413,0.101580231724855,0.101580231724855,1.34037448663235,22.1436255133676
"24",23,2.16598520446726,19.1812015450488,0.00720158742414833,0.0490006099292822,0.157050317876717,0.103280936023154,0.103280936023154,1.38499886320755,22.0990011367924
"25",24,2.0696969889481,19.2329545352911,0.00749039872546603,0.0481981000783465,0.155221926147525,0.104959384799044,0.104959384799044,1.42851928121138,22.0554807187886
"26",25,1.97633196392622,19.283024506339,0.00777425735268642,0.0473829342479284,0.153335787898669,0.106614925245223,0.106614925245223,1.47092069974512,22.0130793002549
"27",26,1.88590569117023,19.3314017636711,0.00805309703421068,0.0465587440685839,0.151395582251586,0.108246982791999,0.108246982791999,1.51219115622028,21.9718088437797
"28",27,1.79842581506406,19.3780809691364,0.00832687694611908,0.0457262443833544,0.149406719150496,0.109855000646076,0.109855000646076,1.55232337402748,21.9316766259725
"29",28,1.71389132709289,19.4230617127848,0.00859555763130075,0.0448883480029388,0.147373747626466,0.111438477408777,0.111438477408777,1.59131235204412,21.8926876479559
"30",29,1.63229273299784,19.4663484304294,0.00885911346070197,0.0440471138319408,0.145301693446953,0.112996946281496,0.112996946281496,1.6291570232702,21.8548429767298
"31",30,1.55361249113295,19.5079501755352,0.00911753284554999,0.0432043255334139,0.143195494436721,0.114530012980694,0.114530012980694,1.66585995455478,21.8181400454452
"32",31,1.47782637527472,19.5478798649919,0.00937081450167942,0.0423617489401715,0.141059862172286,0.116037345898972,0.116037345898972,1.70142664232133,21.7825733576787
"33",32,1.40490337730776,19.5861543007225,0.00961896749014881,0.0415211174918435,0.138899444803638,0.117518665586515,0.117518665586515,1.73586546101108,21.7481345389889
"34",33,1.33480492483394,19.6227946090712,0.00986200964673773,0.0406843189787803,0.136718916642148,0.118973730199158,0.118973730199158,1.76918776042885,21.7148122395711
"35",34,1.26748806657654,19.6578245081434,0.0100999714189404,0.0398523858352436,0.134522839430475,0.120402366161096,0.120402366161096,1.80140749627326,21.6825925037267
"36",35,1.20290394194765,19.6912711117113,0.0103328905422539,0.0390266552129213,0.132315594492497,0.121804444407242,0.121804444407242,1.83254091727893,21.6514590827211
"37",36,1.1409994865307,19.7231640160093,0.0105608107131674,0.0382086682222669,0.130101157085971,0.123179889947382,0.123179889947382,1.86260608154386,21.6213939184561
"38",37,1.08172180121512,19.7535327847178,0.0107837806560243,0.037399635742402,0.127883206154488,0.124528672518059,0.124528672518059,1.89162144647807,21.5923785535219
"39",38,1.02500587508242,19.7824138319033,0.011001863182576,0.0366009958921383,0.125665845841622,0.125850797122375,0.125850797122375,1.91960999385318,21.5643900061468
"40",39,0.970789462749328,19.8098421531033,0.0112151224578991,0.0358138284349361,0.123452535067421,0.127146319668175,0.127146319668175,1.94659425885075,21.5374057411492
"41",40,0.919006494406435,19.8358549454057,0.0114236346757612,0.0350383086180879,0.121247027699262,0.128415333185675,0.128415333185675,1.97259892282338,21.5114010771766
"42",41,0.86958872861272,19.8604906959346,0.0116274754545026,0.0342756229891567,0.119052464402145,0.129657968116496,0.129657968116496,1.99764907637395,21.486350923626
"43",42,0.822466121176435,19.8837889950304,0.0118267250643817,0.033526926072865,0.116871706847406,0.130874396069356,0.130874396069356,2.02177073366982,21.4622292663302
"44",43,0.777567340219001,19.9057901900852,0.0120214717098658,0.0327927197037463,0.114707749659145,0.132064817126,0.132064817126,2.04499089437104,21.4390091056289
"45",44,0.734820130705318,19.9265352160824,0.0122118059412851,0.0320736994161781,0.112563261827305,0.133229464645168,0.133229464645168,2.06733695673723,21.4166630432628
"46",45,0.694151637824717,19.9460653951981,0.0123978223509983,0.0313704202412451,0.110440767586574,0.134368600986037,0.134368600986037,2.08883675482631,21.3951632451737
"47",46,0.65548874030893,19.9644222495695,0.0125796185444417,0.030683396347475,0.108342596561105,0.135482516185483,0.135482516185483,2.10951836629764,21.3744816337023
"48",47,0.618758270660072,19.9816473720015,0.0127572950589752,0.0300130685771399,0.106270909883146,0.13657152579814,0.13657152579814,2.12941003222292,21.3545899677771
"49",48,0.583886537627115,19.9977826995797,0.0129309561181198,0.029359794358327,0.104227719017906,0.137635973126377,0.137635973126377,2.14854034704606,21.3354596529539
"50",49,0.550803152757761,20.0128683311616,0.0131007039240235,0.0287238728372327,0.102214786073846,0.138676209729865,0.138676209729865,2.16693673378579,21.3170632662142
"51",50,0.519437104643362,20.0269447420335,0.0132666442698895,0.0281056292916612,0.100233763047669,0.139692611561877,0.139692611561877,2.18462689359018,21.2993731064098
"52",51,0.489715625336205,20.0400534569752,0.0134288870955477,0.0275054814873096,0.0982861259943784,0.140685586934002,0.140685586934002,2.20163924924336,21.2823607507566
"53",52,0.461570454864883,20.052233473022,0.0135875414419949,0.0269233113314312,0.0963732870093195,0.141655543725632,0.141655543725632,2.21800084487911,21.2659991551209
"54",53,0.434933592850079,20.0635236617516,0.0137427180198874,0.026359089583378,0.0944965138162745,0.142602907748328,0.142602907748328,2.23373860848215,21.2502613915178
"55",54,0.409738509557416,20.0739620998723,0.0138945251056134,0.0258131468552794,0.092656732780003,0.143528119478306,0.143528119478306,2.24887874687282,21.2351212531272
"56",55,0.38592030136316,20.0835859577517,0.0140430734472694,0.0252854564217742,0.0908548837690936,0.144431628813515,0.144431628813515,2.26344706962,21.22055293038
"57",56,0.363415699230682,20.092431501954,0.0141884734262448,0.0247759957112855,0.0890917584139202,0.145313894870991,0.145313894870991,2.2774687815219,21.2065312184781
"58",57,0.342163203499099,20.1005340162244,0.0143308351098971,0.0242847106945363,0.0873680198234954,0.14617538468961,0.14617538468961,2.29096844526932,21.1930315547307
"59",58,0.322103118841564,20.1079277788278,0.0144702681121119,0.0238115093288806,0.0856842158386243,0.147016571639524,0.147016571639524,2.30396996577197,21.180030034228
"60",59,0.303177625926967,20.1146460204643,0.0146068813058479,0.0233562733112218,0.0840407787957501,0.147837934229966,0.147837934229966,2.31649655173593,21.167503448264
"61",60,0.285330859800263,20.1207208780252,0.0147407827674901,0.0229188407220948,0.0824380372615902,0.148639954955592,0.148639954955592,2.32857069151213,21.1554293084879
"62",61,0.268508883858689,20.1261834067153,0.0148720794618317,0.0224990306957904,0.0808762176030272,0.149423118900649,0.149423118900649,2.34021414386402,21.143785856136
"63",62,0.252659661211864,20.1310635949498,0.0150008770293496,0.02209665365475,0.0793554470736174,0.150187912698377,0.150187912698377,2.3514479406839,21.1325520593161
"64",63,0.237733233165474,20.1353902619763,0.0151272798721642,0.0217114649663568,0.0778757710817999,0.150934823466118,0.150934823466118,2.36229234200563,21.1217076579943
"65",64,0.22368145900586,20.1391912027022,0.0152513909494039,0.0213432029275851,0.0764371571983396,0.151664337807432,0.151664337807432,2.37276691160173,21.1112330883982
"66",65,0.210458187958454,20.1424930903923,0.0153733114037944,0.0209915991720522,0.0750394854835725,0.152376941091862,0.152376941091862,2.38289044340609,21.1011095565939
"67",66,0.19801917288735,20.1453215232573,0.015493140744752,0.0206563500941887,0.0736825714247123,0.153073116416051,0.153073116416051,2.39268100875958,21.0913189912404
"68",67,0.186322037275841,20.1477010423647,0.0156109765691352,0.0203371390808021,0.0723661616695065,0.153753343938008,0.153753343938008,2.40215595516397,21.081844044836
"69",68,0.17532634559564,20.1496550906528,0.0157269144349418,0.0200336283178312,0.0710899391009878,0.154418099988636,0.154418099988636,2.41133188192049,21.0726681180795
"70",69,0.164993438726154,20.1512061042567,0.015841047835442,0.0197454696663176,0.0698535308943541,0.155067856473663,0.155067856473663,2.42022469567371,21.0637753043263
"71",70,0.155286375965944,20.1523755450809,0.0159534680465911,0.0194723151221167,0.0686565079383436,0.155703080462759,0.155703080462759,2.42884962692063,21.0551503730793
"72",71,0.146170098509224,20.153183807017,0.0160642640949031,0.019213780089183,0.0674983983279319,0.156324232912823,0.156324232912823,2.43722118613615,21.0467788138638
"73",72,0.137611062923023,20.1536504227624,0.0161735228743671,0.0189694753377085,0.0663786898777095,0.15693176918588,0.15693176918588,2.44535328785307,21.0386467121469
"74",73,0.129577432720085,20.1537939548351,0.0162813287000499,0.0187390123168359,0.0652968234793442,0.15752613792255,0.15752613792255,2.45325917210349,21.0307408278965
"75",74,0.122038932569165,20.1536320772723,0.0163877635801447,0.0185219820468183,0.0642522097610926,0.158107780795353,0.158107780795353,2.4609514731798,21.0230485268202
"76",75,0.114966780697364,20.1531816133788,0.0164929071237612,0.0183179659930738,0.0632442289430287,0.158677132289144,0.158677132289144,2.46844223928564,21.0155577607143
"77",76,0.108333715124262,20.152458520416,0.0165968362809432,0.0181265443326436,0.0622722285222054,0.159234619033053,0.159234619033053,2.47574291725783,21.0082570827421
"78",77,0.102113944774008,20.1514779159266,0.0166996253965742,0.0179472895138803,0.0613355318377799,0.159780659336017,0.159780659336017,2.48286437387914,21.0011356261208
"79",78,0.0962829726662592,20.1502541777274,0.0168013462342851,0.0177797840437075,0.0604334374879015,0.160315663530278,0.160315663530278,2.48981695477988,20.9941830452201
"80",79,0.0908176079843311,20.1488009370825,0.0169020680302838,0.0176235998814349,0.0595652275648152,0.160840033507045,0.160840033507045,2.49661049244253,20.9873895075574
"81",80,0.0856959505545687,20.1471310864784,0.0170018574458408,0.017478296498077,0.0587301723085767,0.161354162171648,0.161354162171648,2.50325431237127,20.9807456876287
"82",81,0.0808972750544403,20.145256845328,0.0171007784737406,0.0173434439602053,0.0579275243047737,0.161858433793562,0.161858433793562,2.50975726529176,20.9742427347082
"83",82,0.0764019841059595,20.1431897862951,0.0171988925258778,0.0172186137052366,0.0571565247112001,0.162353223833967,0.162353223833967,2.51612775098867,20.9678722490113
"84",83,0.0721915866208399,20.1409408470456,0.0172962584680417,0.0171033702288857,0.056416409120364,0.162838898574046,0.162838898574046,2.52237373136823,20.9616262686318
"85",84,0.0682486073678085,20.1385203815482,0.0173929326348076,0.0169972820913836,0.0557064058463298,0.163315815425338,0.163315815425338,2.52850275966085,20.9554972403391
"86",85,0.064556600378739,20.1359381519805,0.0174889686729435,0.016899923579353,0.0550257366532822,0.163784322347155,0.163784322347155,2.53452197404092,20.9494780259591
"87",86,0.0611001101510959,20.1332033497789,0.0175844175799623,0.0168108741268691,0.05437362109112,0.164244757605199,0.164244757605199,2.54043811206166,20.9435618879383
"88",87,0.0578645212548898,20.1303246815329,0.0176793279092853,0.0167297269832468,0.0537492756245316,0.164697450688751,0.164697450688751,2.54625756531766,20.9377424346823
"89",88,0.0548360747697456,20.1273103595192,0.0177737458013421,0.0166560749582031,0.0531519195721094,0.165142721847209,0.165142721847209,2.55198638168496,20.932013618315
"90",89,0.0520018456527179,20.1241681139223,0.017867714950094,0.0165895133698523,0.0525807765922341,0.165580881822934,0.165580881822934,2.55763027186692,20.9263697281331
"91",90,0.0493496603875977,20.1209052398516,0.0179612766432247,0.016529651993884,0.052035071295243,0.16601223238046,0.16601223238046,2.56319463506755,20.9208053649324
"92",91,0.0468680607208664,20.1175286178249,0.0180544698784338,0.0164761088103721,0.0515140332011756,0.166437066314613,0.166437066314613,2.56868457693505,20.9153154230649
"93",92,0.0445462840792235,20.1140447246131,0.0181473313949594,0.0164285074681289,0.0510168992671639,0.166855667283999,0.166855667283999,2.57410491860941,20.9098950813906
"94",93,0.0423742015429357,20.1104596686753,0.0182398957650507,0.0163864824603258,0.0505429127938388,0.167268310250381,0.167268310250381,2.57946021826179,20.9045397817382
"95",94,0.0403423209921814,20.1067791878882,0.0183321953198391,0.0163496800851975,0.0500913246362522,0.167675261044306,0.167675261044306,2.58475476898972,20.8992452310103
"96",95,0.0384417585987399,20.1030086652307,0.0184242602105012,0.0163177586892676,0.0496613954312896,0.168076776307933,0.168076776307933,2.58999260922362,20.8940073907764
"97",96,0.0366641416998676,20.0991531847718,0.0185161186539609,0.0162903919782211,0.0492523941950903,0.168473104508287,0.168473104508287,2.59517755968448,20.8888224403155
"98",97,0.0350016181250666,20.0952175261356,0.0186077969463552,0.0162672623399591,0.0488636016767351,0.1688644855633,0.1688644855633,2.6003132236497,20.8836867763503
"99",98,0.0334468258438013,20.0912061816272,0.0186993195301748,0.0162480623166932,0.0484943109361886,0.169251150959859,0.169251150959859,2.6054029978262,20.8785970021738
"100",99,0.03199286115791,20.0871233743696,0.0187907090222358,0.0162324997651762,0.0481438258947249,0.169633323961793,0.169633323961793,2.61045008186674,20.8735499181332
"101",100,0.0306332522038905,20.0829730733572,0.0188819863262718,0.0162202950096248,0.0478114632042701,0.170011219739322,0.170011219739322,2.61545749042011,20.8685425095799
"102",101,0.0293619333821368,20.078759007999,0.0189731707155634,0.0162111806552485,0.0474965529578839,0.170385045516981,0.170385045516981,2.62042806325626,20.8635719367437
"103",102,0.0281732212567152,20.0744846819052,0.0190642798943928,0.0162049028550066,0.0471984385215868,0.170755000749427,0.170755000749427,2.6253644740682,20.8586355259318
"104",103,0.0270617916143099,20.070153385965,0.0191553300842442,0.0162012207222693,0.0469164772430743,0.171121277278871,0.171121277278871,2.63026923981335,20.8537307601866
"105",104,0.0260226577674614,20.0657682107433,0.0192463361035389,0.0161999061436395,0.0466500408770094,0.171484059502201,0.171484059502201,2.63514472936062,20.8488552706394
"106",105,0.0250511500658184,20.0613320582202,0.0193373114413833,0.0162007439054829,0.046398515761873,0.171843524547401,0.171843524547401,2.63999317151045,20.8440068284895
"107",106,0.0241428965039387,20.056847652903,0.019428268335374,0.0162035314198533,0.0461613031377061,0.172199842447998,0.172199842447998,2.6448166628041,20.8391833371959
"108",107,0.0232938044200659,20.0523175523322,0.0195192178472328,0.0162080784651384,0.0459378193862373,0.172553176320926,0.172553176320926,2.64961717490728,20.8343828250927
"109",108,0.0225000433556332,20.047744156939,0.0196101699351822,0.0162142069661709,0.0457274961842958,0.172903682546339,0.172903682546339,2.65439656152703,20.8296034384729
"110",109,0.0217580286940031,20.0431297194666,0.0197011335262018,0.0162217506852427,0.0455297806523279,0.173251510949924,0.173251510949924,2.6591565650758,20.8248434349242
"111",110,0.0210644055764091,20.038476354253,0.0197921165891879,0.0162305548478217,0.0453441354586952,0.173596804994775,0.173596804994775,2.66389882328538,20.8201011767146
"112",111,0.0204160354879802,20.0337860449934,0.0198831261994482,0.0162404756678955,0.0451700389054693,0.173939701955213,0.173939701955213,2.66862487483539,20.8153751251646
"113",112,0.0198099824950067,20.0290606527053,0.0199741686030785,0.0162513800820312,0.0450069849193261,0.174280333101937,0.174280333101937,2.67333616499139,20.8106638350086
"114",113,0.0192435000948918,20.0243019233593,0.0200652492804552,0.0162631453792471,0.044854483023794,0.174618823890271,0.174618823890271,2.67803405108173,20.8059659489182
"115",114,0.0187140193190479,20.0195114948022,0.0201563730080071,0.0162756585898959,0.0447120583635196,0.17495529414243,0.17495529414243,2.68271980763245,20.8012801923675
"116",115,0.0182191373178467,20.0146909034128,0.0202475439153386,0.0162888160885737,0.0445792516042371,0.175289858232829,0.175289858232829,2.68739463119558,20.7966053688044
"117",116,0.0177566069788416,20.009841590171,0.020338765538287,0.0163025231631486,0.0444556188186688,0.175622625266689,0.175622625266689,2.69205964479666,20.7919403552033
"118",117,0.017324326946889,20.0049649065018,0.0204300408712987,0.0163166935164711,0.0443407313777738,0.175953699259857,0.175953699259857,2.69671590226608,20.7872840977339
"119",118,0.0169203315415112,20.0000621202114,0.0205213724191513,0.0163312487673428,0.0442341757293875,0.176283179339584,0.176283179339584,2.70136439265201,20.782635607348
"120",119,0.0165427855777366,19.9951344184347,0.0206127622307919,0.0163461181701126,0.0441355536414859,0.176611159788406,0.176611159788406,2.70600604236833,20.7779939576316
"121",120,0.0161899707121918,19.9901829158375,0.0207042119616226,0.0163612378486947,0.0440444813849345,0.176937730417129,0.176937730417129,2.71064172142077,20.7733582785792
"122",121,0.0158602783987365,19.9852086587965,0.0207957229107755,0.0163765503739361,0.0439605895075513,0.177262976721735,0.177262976721735,2.71527224656903,20.768727753431
"123",122,0.0155522056830553,19.9802126278362,0.0208872960496354,0.0163920043901684,0.043883522947179,0.177586979941702,0.177586979941702,2.71989838321041,20.7641016167896
"124",123,0.0152643447411922,19.9751957439538,0.0209789320669177,0.0164075540783821,0.0438129402480644,0.177909817373672,0.177909817373672,2.72452085016431,20.7594791498357
"125",124,0.0149953823197776,19.9701588687977,0.0210706313841734,0.0164231590847248,0.0437485140842259,0.178231562293738,0.178231562293738,2.72914031974194,20.7548596802581
"126",125,0.0147440946600691,19.9651028076426,0.0211623941854724,0.01643878412169,0.0436899312411643,0.178552284064599,0.178552284064599,2.73375742001978,20.7502425799802
"127",126,0.0145093323072075,19.9600283187536,0.0212542204724471,0.0164543981293488,0.0436368909039603,0.178872048688766,0.178872048688766,2.73837274205593,20.7456272579441
"128",127,0.0142900210046921,19.9549361127721,0.0213461100722306,0.0164699740504783,0.0435891050955935,0.179190918729138,0.179190918729138,2.74298683954667,20.7410131604533
"129",128,0.01408515674358,19.9498268556989,0.0214380626611059,0.0164854885070826,0.0435462983697154,0.179508953454523,0.179508953454523,2.74760023111061,20.7363997688894
"130",129,0.0138938006590906,19.9447011719894,0.0215300777861295,0.0165009215695902,0.0435082073833843,0.17982620900093,0.17982620900093,2.7522134026105,20.7317865973895
"131",130,0.0137150748544103,19.9395596471072,0.0216221548850233,0.0165162563601728,0.0434745805684125,0.180142738510872,0.180142738510872,2.75682680920306,20.7271731907969
"132",131,0.0135481584219269,19.9344028299565,0.0217142933037164,0.0165314787532891,0.0434451777823009,0.180458592268491,0.180458592268491,2.76144087724526,20.7225591227547
"133",132,0.0133922837296709,19.9292312351639,0.0218064923116199,0.0165465771284392,0.0434197699367802,0.180773817831022,0.180773817831022,2.76605600606752,20.7179439939325
"134",133,0.0132467329508266,19.9240453452159,0.0218987511159605,0.0165615420972278,0.0433981386455414,0.181088460155502,0.181088460155502,2.77067256966355,20.7133274303364
"135",134,0.0131108348192776,19.9188456124652,0.0219910688744191,0.0165763662632606,0.0433800758641575,0.181402561721388,0.181402561721388,2.77529091827086,20.7087090817291
"136",135,0.0129839615978945,19.9136324610129,0.0220834447062959,0.0165910440057071,0.0433653835268824,0.181716162649048,0.181716162649048,2.77991137985226,20.7040886201477
"137",136,0.012865526244497,19.9084062884726,0.0221758777025166,0.0166055712730128,0.043353873188662,0.182029300813906,0.182029300813906,2.78453426149086,20.6994657385091
"138",137,0.0127549797634083,19.9031674676269,0.0222683669344363,0.0166199453952136,0.0433453656685093,0.182342011956421,0.182342011956421,2.78915985069869,20.6948401493013
"139",138,0.0126518087304867,19.897916347979,0.022360911461553,0.0166341649130234,0.0433396906957967,0.182654329787924,0.182654329787924,2.79378841664432,20.6902115833557
"140",139,0.0125555329801176,19.8926532572092,0.0224535103382576,0.0166482294208639,0.0433366865615052,0.182966286092316,0.182966286092316,2.79842021130543,20.6855797886946
"141",140,0.0124657034436925,19.8873785025404,0.0225461626196851,0.0166621394243447,0.0433361997745309,0.183277910823727,0.183277910823727,2.80305547054989,20.6809445294501
"142",141,0.012381900129638,19.8820923720185,0.022638867366752,0.0166758962112433,0.0433380847238528,0.183589232200181,0.183589232200181,2.80769441514967,20.6763055848503
"143",142,0.0123037302356674,19.8767951357132,0.0227316236504616,0.0166895017348242,0.0433422033473974,0.183900276793353,0.183900276793353,2.81233725173173,20.6716627482683
"144",143,0.0122308263845756,19.8714870468444,0.0228244305555476,0.0167029585088515,0.0433484248080738,0.1842110696145,0.1842110696145,2.8169841736696,20.6670158263304
"145",144,0.0121628449754402,19.8661683428376,0.0229172871835219,0.0167162695134605,0.0433566251774854,0.184521634196649,0.184521634196649,2.82163536191915,20.6623646380808
"146",145,0.0120994646426165,19.8608392463151,0.0230101926551913,0.0167294381110392,0.0433666871277687,0.184831992673143,0.184831992673143,2.82629098580202,20.657709014198
"147",146,0.0120403848154185,19.8554999660234,0.0231031461126994,0.0167424679713673,0.0433784996318971,0.185142165852636,0.185142165852636,2.83095120373993,20.6530487962601
"148",147,0.0119853243718414,19.850150697705,0.0231961467211475,0.016755363005268,0.0433919576727353,0.18545217329065,0.18545217329065,2.83561616394273,20.6483838360573
"149",148,0.0119340203801179,19.8447916249141,0.0232891936698426,0.0167681273060491,0.0434069619610705,0.185762033357782,0.185762033357782,2.84028600505324,20.6437139949467
"150",149,0.0118862269223101,19.8394229197828,0.0233822861732179,0.0167807650980634,0.0434234186627792,0.186071763304689,0.186071763304689,2.84496085675142,20.6390391432486
"151",150,0.0118417139945257,19.8340447437388,0.0234754234714656,0.0167932806917453,0.0434412391352392,0.186381379323935,0.186381379323935,2.84964084032038,20.6343591596796
"152",151,0.0118002664787026,19.8286572481784,0.0235686048309197,0.0168056784445231,0.0434603396730436,0.186690896608831,0.186690896608831,2.85432606917675,20.6296739308232
"153",152,0.0117616831812441,19.8232605750982,0.0236618295442215,0.0168179627270435,0.0434806412630292,0.187000329409364,0.187000329409364,2.85901664936751,20.6249833506325
"154",153,0.0117257759341016,19.8178548576868,0.0237550969302984,0.016830137894184,0.0435020693485902,0.187309691085328,0.187309691085328,2.86371268003537,20.6202873199646
"155",154,0.0116923687541933,19.8124402208797,0.0238484063341836,0.0168422082603656,0.0435245536032097,0.187618994156765,0.187618994156765,2.86841425385485,20.6155857461452
"156",155,0.0116612970573238,19.8070167818799,0.0239417571266995,0.0168541780787166,0.0435480277131097,0.187928250351824,0.187928250351824,2.87312145744061,20.6108785425594
"157",156,0.0116324069230238,19.8015846506459,0.0240351487040284,0.0168660515236713,0.0435724291688915,0.188237470652146,0.188237470652146,2.87783437173017,20.6061656282698
"158",157,0.0116055544069695,19.7961439303493,0.0241285804871885,0.0168778326766235,0.0435976990660102,0.188546665335868,0.188546665335868,2.88255307234218,20.6014469276578
"159",158,0.0115806048978624,19.7906947178035,0.0242220519214336,0.016889525514287,0.0436237819139091,0.18885584401837,0.18885584401837,2.88727762991224,20.5967223700878
"160",159,0.0115574325158613,19.7852371038665,0.0243155624755897,0.0169011338994432,0.0436506254536167,0.189165015690842,0.189165015690842,2.89200811040731,20.5919918895927
"161",160,0.0115359195498487,19.7797711738175,0.0244091116413448,0.0169126615737894,0.0436781804835965,0.189474188756778,0.189474188756778,2.89674457542034,20.5872554245796
"162",161,0.0115159559309972,19.774297007711,0.0245026989325009,0.0169241121526242,0.0437064006936255,0.189783371066502,0.189783371066502,2.90148708244622,20.5825129175538
"163",162,0.0114974387146604,19.7688146807256,0.0245963238841209,0.0169354891216426,0.043735242496574,0.190092569951671,0.190092569951671,2.90623568515403,20.577764314846
"164",163,0.0114802718017317,19.7633242633501,0.0246899860523066,0.0169467958308639,0.0437646649483986,0.190401792242733,0.190401792242733,2.91099043353113,20.5730095664689
"165",164,0.0114643652230534,19.7578258218695,0.0247836850125299,0.0169580354994716,0.0437946294954138,0.190711044318776,0.190711044318776,2.91575137426247,20.5682486257375
"166",165,0.0114496347699234,19.7523194186156,0.0248774203588939,0.0169692112153198,0.04382509984899,0.191020332132804,0.191020332132804,2.92051855092564,20.5634814490744
"167",166,0.0114360017535846,19.7468051121296,0.0249711917037628,0.0169803259311007,0.0438560419084999,0.191329661227818,0.191329661227818,2.92529200411781,20.5587079958822
"168",167,0.0114233926627598,19.7412829573942,0.0250649986770078,0.0169913824673654,0.0438874236436305,0.191639036760255,0.191639036760255,2.93007177163454,20.5539282283655
"169",168,0.0114117387770418,19.7357530060971,0.0251588409250508,0.0170023835162851,0.0439192149560959,0.191948463527145,0.191948463527145,2.93485788867416,20.5491421113258
"170",169,0.0114009758597794,19.7302153068406,0.0252527181101064,0.0170133316432909,0.0439513875696302,0.192257945987785,0.192257945987785,2.93965038800103,20.544349611999
"171",170,0.0113910438688798,19.7246699053393,0.0253466299094308,0.017024229290027,0.0439839149250681,0.192567488284257,0.192567488284257,2.9444493000988,20.5395506999012
"172",171,0.0113818866859274,19.7191168446053,0.0254405760145861,0.0170350787778795,0.0440167720808104,0.192877094260766,0.192877094260766,2.94925465331397,20.534745346686
"173",172,0.011373451862747,19.7135561651221,0.0255345561307296,0.0170458823115767,0.044049935618685,0.193186767481857,0.193186767481857,2.95406647399041,20.5299335260096
"174",173,0.0113656903842247,19.7079879050074,0.0256285699759243,0.0170566419829887,0.0440833835548662,0.193496511249562,0.193496511249562,2.95888478659546,20.5251152134045
"175",174,0.0113585564463458,19.7024121001654,0.0257226172804732,0.0170673597750929,0.0441170952556079,0.193806328619544,0.193806328619544,2.96370961383794,20.520290386162
"176",175,0.0113520072484721,19.6968287844303,0.0258166977862782,0.0170780375660245,0.0441510513575853,0.19411622241629,0.19411622241629,2.96854097677877,20.5154590232212
"177",176,0.0113460027989435,19.6912379896996,0.0259108112462222,0.0170886771331744,0.0441852336926251,0.194426195247406,0.194426195247406,2.97337889493458,20.5106211050654
"178",177,0.0113405057331535,19.6856397460604,0.0260049574235777,0.0170992801573044,0.0442196252166095,0.194736249517062,0.194736249517062,2.9782233863748,20.5057766136252
"179",178,0.0113354811432963,19.6800340819065,0.0260991360914388,0.0171098482266488,0.0442542099423521,0.19504638743863,0.19504638743863,2.9830744678125,20.5009255321875
"180",179,0.0113308964190421,19.6744210240487,0.0261933470321785,0.017120382840977,0.0442889728762484,0.195356611046578,0.195356611046578,2.98793215468965,20.4960678453103
"181",180,0.0113267210984384,19.6688005978184,0.0262875900369299,0.0171308854155967,0.0443238999585099,0.195666922207635,0.195666922207635,2.99279646125682,20.4912035387432
"182",181,0.0113229267283863,19.6631728271639,0.0263818649050914,0.0171413572852808,0.0443589780068013,0.195977322631292,0.195977322631292,2.99766740064794,20.486332599352
"183",182,0.0113194867340783,19.6575377347412,0.0264761714438552,0.017151799708104,0.0443941946631027,0.196287813879666,0.196287813879666,3.00254498495029,20.4814550150497
"184",183,0.0113163762968255,19.651895341999,0.0265705094677588,0.017162213869178,0.044429538343632,0.196598397376764,0.196598397376764,3.00742922527003,20.47657077473
"185",184,0.0113135722397392,19.6462456692581,0.026664878798258,0.0171726008842766,0.0444649981916626,0.196909074417183,0.196909074417183,3.01232013179363,20.4716798682064
"186",185,0.0113110529207643,19.6405887357856,0.0267592792633221,0.0171829618033438,0.0445005640330862,0.197219846174281,0.197219846174281,3.01721771384536,20.4667822861546
"187",186,0.0113087981325961,19.6349245598651,0.0268537106970491,0.0171932976138809,0.0445362263345704,0.197530713707843,0.197530713707843,3.02212197994111,20.4618780200589
"188",187,0.0113067890090409,19.6292531588618,0.0269481729393016,0.0172036092442082,0.0445719761641718,0.197841677971285,0.197841677971285,3.0270329378389,20.4569670621611
"189",188,0.011305007937408,19.6235745492835,0.0270426658353609,0.017213897566601,0.0446078051542708,0.198152739818401,0.198152739818401,3.03195059458602,20.452049405414
"190",189,0.0113034384765506,19.6178887468381,0.0271371892356008,0.0172241634002976,0.0446437054666998,0.198463900009708,0.198463900009708,3.03687495656332,20.4471250434367
"191",190,0.0113020648821962,19.6121957668838,0.02723174299127,0.0172344075344402,0.0446796695688516,0.198775159234764,0.198775159234764,3.04180602966992,20.4421939703301
"192",191,0.0113008735640505,19.6064956229686,0.0273263269689793,0.0172446306534406,0.0447156909357423,0.199086518053239,0.199086518053239,3.04674381880274,20.4372561811972
"193",192,0.011299849888849,19.6007883300055,0.0274209410195553,0.0172548334949721,0.0447517625169747,0.199397977028304,0.199397977028304,3.05168832901749,20.4323116709825
"194",193,0.0112989824633498,19.5950738999271,0.0275155850214301,0.0172650166402264,0.04478787880215,0.199709536558831,0.199709536558831,3.05663956402808,20.4273604359719
"195",194,0.011298259625275,19.5893523451955,0.0276102588460019,0.0172751806889229,0.044824034135355,0.200021197022688,0.200021197022688,3.06159752746359,20.4224024725364
"196",195,0.0112976705003135,19.5836236777417,0.0277049623682094,0.0172853261996195,0.0448602232248028,0.200332958734477,0.200332958734477,3.06656222249638,20.4174377775036
"197",196,0.0112972049454661,19.5778879090052,0.0277996954662724,0.0172954536941259,0.0448964411175522,0.200644821949922,0.200644821949922,3.07153365187149,20.4124663481285
"198",197,0.0112968534992247,19.5721450499689,0.0278944580214631,0.0173055636609549,0.0449326831770343,0.200956786869778,0.200956786869778,3.07651181793291,20.4074881820671
"199",198,0.0112966073365868,19.5663951111903,0.0279892499179115,0.0173156565572591,0.0449689450631021,0.201268853643387,0.201268853643387,3.08149672264803,20.402503277352
"200",199,0.0112964582269879,19.560638102832,0.0280840710424244,0.0173257328105976,0.0450052227133376,0.201581022372,0.201581022372,3.08648836763063,20.3975116323694
"201",200,0.0112963984949755,19.5548740346885,0.0281789212843128,0.0173357928206785,0.0450415123254705,0.201893293111899,0.201893293111899,3.09148675416227,20.3925132458377
"202",201,0.0112964209834458,19.5491029162124,0.0282738005352305,0.0173458369610147,0.045077810340873,0.20220566587731,0.20220566587731,3.09649188321238,20.3875081167876
"203",202,0.0112965190192769,19.5433247565389,0.0283687086890218,0.0173558655804887,0.045114113429075,0.202518140643142,0.202518140643142,3.10150375545699,20.382496244543
"204",203,0.0112966863812058,19.5375395645077,0.0284636456415783,0.0173658790048296,0.0451504184732369,0.202830717347545,0.202830717347545,3.10652237129634,20.3774776287037
"205",204,0.0112969172698038,19.5317473486851,0.0285586112907046,0.0173758775380094,0.0451867225565229,0.203143395894305,0.203143395894305,3.11154773087125,20.3724522691287
"206",205,0.0112972062794165,19.525948117383,0.0286536055359919,0.0173858614635608,0.0452230229493208,0.203456176155091,0.203456176155091,3.11657983407851,20.3674201659215
"207",206,0.01129754837194,19.5201418786779,0.0287486282786994,0.0173958310458215,0.0452593170972587,0.203769057971551,0.203769057971551,3.12161868058526,20.3623813194147
"208",207,0.0112979388523164,19.5143286404279,0.0288436794216427,0.017405786531107,0.0452956026099689,0.204082041157283,0.204082041157283,3.12666426984245,20.3573357301575
"209",208,0.011298373345637,19.5085084102892,0.0289387588690897,0.0174157281488173,0.0453318772505547,0.204395125499668,0.204395125499668,3.13171660109738,20.3522833989026
"210",209,0.011298847775749,19.5026811957307,0.0290338665266618,0.0174256561124794,0.0453681389257189,0.204708310761597,0.204708310761597,3.13677567340547,20.3472243265945
"211",210,0.0112993583452695,19.4968470040488,0.0291290023012425,0.0174355706207292,0.0454043856765111,0.205021596683076,0.205021596683076,3.14184148564129,20.3421585143587
"212",211,0.0112999015169144,19.49100584238,0.0292241661008906,0.0174454718582365,0.0454406156696584,0.205334982982736,0.205334982982736,3.14691403650881,20.3370859634912
"213",212,0.0113004739960582,19.4851577177137,0.0293193578347593,0.0174553599965754,0.0454768271894431,0.205648469359241,0.205648469359241,3.15199332455103,20.332006675449
"214",213,0.0113010727144437,19.4793026369032,0.0294145774130206,0.0174652351950434,0.0455130186300935,0.205962055492606,0.205962055492606,3.15707934815898,20.326920651841
"215",214,0.0113016948149684,19.4734406066772,0.0295098247467938,0.017475097601432,0.0455491884886573,0.206275741045429,0.206275741045429,3.16217210558011,20.3218278944199
"216",215,0.0113023376374761,19.4675716336491,0.0296050997480787,0.017484947352751,0.0455853353583266,0.206589525664045,0.206589525664045,3.16727159492618,20.3167284050738
"217",216,0.0113029987054892,19.461695724327,0.0297004023296938,0.0174947845759093,0.0456214579221877,0.206903408979602,0.206903408979602,3.17237781418055,20.3116221858194
"218",217,0.0113036757138206,19.455812885122,0.0297957324052171,0.0175046093883554,0.0456575549473694,0.20721739060907,0.20721739060907,3.17749076120511,20.3065092387949
"219",218,0.0113043665170074,19.4499231223568,0.0298910898889316,0.0175144218986781,0.0456936252795639,0.20753147015618,0.20753147015618,3.18261043374666,20.3013895662533
"220",219,0.0113050691185124,19.4440264422731,0.0299864746957742,0.0175242222071712,0.0457296678378985,0.207845647212308,0.207845647212308,3.18773682944293,20.2962631705571
"221",220,0.0113057816606445,19.4381228510388,0.0300818867412871,0.0175340104063641,0.0457656816101361,0.208159921357298,0.208159921357298,3.19286994582817,20.2911300541718
"222",221,0.0113065024151495,19.4322123547547,0.0301773259415736,0.0175437865815191,0.0458016656481824,0.208474292160227,0.208474292160227,3.19800978033839,20.2859902196616
"223",222,0.0113072297744288,19.4262949594608,0.0302727922132554,0.0175535508110985,0.0458376190638832,0.208788759180128,0.208788759180128,3.20315633031627,20.2808436696837
"224",223,0.0113079622433437,19.4203706711419,0.0303682854734338,0.0175633031672032,0.0458735410250915,0.209103321966659,0.209103321966659,3.20830959301573,20.2756904069843
"225",224,0.0113086984315673,19.4144394957332,0.0304638056396523,0.0175730437159836,0.0459094307519878,0.209417980060731,0.209417980060731,3.21346956560619,20.2705304343938
"226",225,0.0113094370464486,19.4085014391252,0.0305593526298629,0.0175827725180251,0.0459452875136391,0.209732732995096,0.209732732995096,3.21863624517658,20.2653637548234
"227",226,0.0113101768863535,19.4025565071689,0.0306549263623934,0.01759248962871,0.0459811106247794,0.210047580294891,0.210047580294891,3.22380962873906,20.2601903712609
"228",227,0.0113109168344536,19.3966047056794,0.0307505267559173,0.0176021950985562,0.0460168994427995,0.210362521478154,0.210362521478154,3.22898971323252,20.2550102867675
"229",228,0.0113116558529312,19.3906460404408,0.0308461537294261,0.0176118889735349,0.0460526533649316,0.210677556056297,0.210677556056297,3.23417649552583,20.2498235044742
"230",229,0.0113123929775739,19.3846805172093,0.0309418072022028,0.0176215712953688,0.0460883718256175,0.210992683534556,0.210992683534556,3.23936997242084,20.2446300275791
"231",230,0.0113131273127333,19.3787081417175,0.0310374870937972,0.0176312421018105,0.0461240542940474,0.211307903412406,0.211307903412406,3.24457014065531,20.2394298593447
"232",231,0.0113138580266234,19.3727289196772,0.0311331933240032,0.0176409014269044,0.0461597002718595,0.211623215183951,0.211623215183951,3.24977699690547,20.2342230030945
"233",232,0.0113145843469355,19.3667428567829,0.0312289258128374,0.0176505493012313,0.0461953092909897,0.211938618338287,0.211938618338287,3.25499053778856,20.2290094622114
"234",233,0.0113153055567506,19.3607499587141,0.031324684480519,0.0176601857521375,0.0462308809116622,0.21225411235984,0.21225411235984,3.26021075986513,20.2237892401349
"235",234,0.0113160209907267,19.3547502311388,0.031420469247451,0.0176698108039502,0.0462664147205109,0.212569696728683,0.212569696728683,3.26543765964116,20.2185623403588
"236",235,0.0113167300315455,19.3487436797154,0.0315162800342031,0.0176794244781776,0.0463019103288251,0.212885370920837,0.212885370920837,3.27067123357016,20.2133287664298
"237",236,0.0113174321065994,19.3427303100952,0.0316121167614954,0.0176890267936978,0.0463373673709089,0.213201134408537,0.213201134408537,3.27591147805498,20.208088521945
"238",237,0.0113181266849034,19.3367101279248,0.0317079793501829,0.0176986177669347,0.0463727855025503,0.213516986660498,0.213516986660498,3.28115838944961,20.2028416105504
"239",238,0.0113188132742169,19.3306831388478,0.0318038677212417,0.0177081974120225,0.0464081643995895,0.213832927142153,0.213832927142153,3.28641196406083,20.1975880359392
"240",239,0.0113194914183617,19.3246493485069,0.0318997817957558,0.0177177657409606,0.0464435037565825,0.214148955315877,0.214148955315877,3.2916721981497,20.1923278018503
"241",240,0.0113201606947218,19.3186087625456,0.0319957214949045,0.0177273227637572,0.0464788032855529,0.214465070641196,0.214465070641196,3.29693908793306,20.1870609120669
"242",241,0.0113208207119146,19.31256138661,0.0320916867399514,0.0177368684885647,0.0465140627148259,0.214781272574984,0.214781272574984,3.3022126295848,20.1817873704152
"243",242,0.0113214711076211,19.3065072263499,0.0321876774522332,0.0177464029218059,0.0465492817879398,0.215097560571643,0.215097560571643,3.30749281923719,20.1765071807628
"244",243,0.0113221115465634,19.3004462874208,0.0322836935531502,0.0177559260682919,0.0465844602626296,0.215413934083277,0.215413934083277,3.31277965298197,20.171220347018
"245",244,0.0113227417186222,19.2943785754848,0.0323797349641568,0.0177654379313327,0.0466195979098782,0.215730392559847,0.215730392559847,3.31807312687149,20.1659268731285
"246",245,0.011323361337082,19.2883040962119,0.0324758016067529,0.0177749385128403,0.0466546945130302,0.216046935449323,0.216046935449323,3.32337323691972,20.1606267630803
"247",246,0.0113239701369975,19.2822228552813,0.032571893402476,0.0177844278134252,0.0466897498669658,0.216363562197819,0.216363562197819,3.32867997910319,20.1553200208968
"248",247,0.0113245678799407,19.2761348582233,0.0326680102750803,0.0177939058325367,0.0467247637824529,0.216680272265267,0.216680272265267,3.33399334947619,20.1500066505238
"249",248,0.0113251543323792,19.2700401109129,0.0327641521437477,0.017803372568473,0.0467597360691257,0.216997065077401,0.216997065077401,3.33931334381856,20.1446866561814
"250",249,0.0113257293026155,19.2639386185769,0.0328603189367541,0.0178128280191542,0.0467946665663434,0.21731394012315,0.21731394012315,3.34463995835193,20.1393600416481
"251",250,0.0113262925751165,19.2578303875464,0.0329565105673862,0.0178222721804824,0.0468295550886327,0.217630896783145,0.217630896783145,3.34997318847569,20.1340268115243
"252",251,0.011326843974682,19.2517154235838,0.0330527269569722,0.0178317050471495,0.0468644014787751,0.217947934493621,0.217947934493621,3.35531302997141,20.1286869700286
"253",252,0.0113273833470441,19.2455937321647,0.0331489680309253,0.0178411266139049,0.0468992055939656,0.218265052719144,0.218265052719144,3.36065947881113,20.1233405211889
"254",253,0.0113279105283632,19.2394653196136,0.0332452337033073,0.0178505368737292,0.0469339672772018,0.218582250841645,0.218582250841645,3.36601253032045,20.1179874696795
"255",254,0.0113284253969695,19.2333301911164,0.0333415239038627,0.0178599358202556,0.0469686864068635,0.218899528354872,0.218899528354872,3.37137218064588,20.1126278193541
"256",255,0.0113289278221038,19.2271883526515,0.0334378385517752,0.0178693234458941,0.0470033628480278,0.219216884675809,0.219216884675809,3.37673842532909,20.1072615746709
"257",256,0.0113294176972072,19.2210398095414,0.0335341775752951,0.0178786997435137,0.0470379964862011,0.219534319286145,0.219534319286145,3.3821112603841,20.1018887396159
"258",257,0.0113298949031033,19.2148845682378,0.0336305408876473,0.0178880647032785,0.0470725871883697,0.219851831558314,0.219851831558314,3.38749068096314,20.0965093190368
"259",258,0.0113303593438557,19.2087226346181,0.0337269284100642,0.0178974183151695,0.0471071348407189,0.220169420921819,0.220169420921819,3.39287668262847,20.0911233173715
"260",259,0.0113308109356113,19.20255401427,0.0338233400678461,0.0179067605697535,0.0471416393391289,0.220487086835254,0.220487086835254,3.39826926114713,20.0857307388529
"261",260,0.0113312495900425,19.196378713651,0.0339197757748972,0.0179160914555317,0.0471761005682663,0.220804828674159,0.220804828674159,3.40366841161191,20.0803315883881
"262",261,0.0113316752423029,19.190196738059,0.0340162354608102,0.0179254109627774,0.0472105184380218,0.221122645927487,0.221122645927487,3.40907412998207,20.0749258700179
"263",262,0.0113320878233162,19.1840080936038,0.0341127190445765,0.0179347190802591,0.0472448928477976,0.221440538007025,0.221440538007025,3.41448641158619,20.0695135884138
"264",263,0.0113324872774991,19.1778127857269,0.034209226454258,0.0179440157978538,0.0472792237115938,0.221758504390186,0.221758504390186,3.41990525225152,20.0640947477485
"265",264,0.0113328735433311,19.1716108210266,0.0343057576028332,0.0179533011023604,0.0473135109287841,0.22207654444458,0.22207654444458,3.42533064690691,20.0586693530931
"266",265,0.0113332465722513,19.1654022055165,0.034402312411288,0.0179625749810199,0.0473477544123641,0.222394657595764,0.222394657595764,3.430762590915,20.053237409085
"267",266,0.0113336063224718,19.1591869449156,0.0344988908046758,0.0179718374219703,0.0473819540821295,0.222712843298849,0.222712843298849,3.43620107985544,20.0477989201446
"268",267,0.0113339527507477,19.1529650458343,0.0345954926966013,0.0179810884111241,0.0474161098485261,0.22303110092566,0.22303110092566,3.44164610860732,20.0423538913927
"269",268,0.0113342858261313,19.1467365136978,0.0346921180163988,0.01799032793683,0.0474502216409572,0.22334942996238,0.22334942996238,3.44709767295712,20.0369023270429
"270",269,0.0113346055163251,19.1405013547632,0.034788766682753,0.0179995559857847,0.047484289380096,0.223667829817808,0.223667829817808,3.45255576803619,20.0314442319638
"271",270,0.0113349117961187,19.1342595746046,0.0348854386234432,0.018008772546178,0.0475183129976193,0.223986299966914,0.223986299966914,3.45802038949817,20.0259796105018
"272",271,0.0113352046383254,19.1280111799819,0.034982133751096,0.0180179776029098,0.0475522924130173,0.224304839774565,0.224304839774565,3.46349153206361,20.0205084679364
"273",272,0.0113354840225701,19.121756177057,0.0350788519863655,0.0180271711416813,0.0475862275559708,0.2246234486641,0.2246234486641,3.46896919090815,20.0150308090918
"274",273,0.0113357499320769,19.1154945716908,0.035175593253983,0.0180363531492869,0.0476201183611751,0.224942126088686,0.224942126088686,3.47445336143534,20.0095466385647
"275",274,0.0113360023503897,19.1092263706581,0.0352723574671742,0.018045523610216,0.0476539647551616,0.225260871418096,0.225260871418096,3.47994403832277,20.0040559616772
"276",275,0.0113362412666876,19.1029515795196,0.0353691445549562,0.0180546825117733,0.0476877666795342,0.225579684136998,0.225579684136998,3.48544121719349,19.9985587828065
"277",276,0.0113364666704973,19.096670204689,0.0354659544356438,0.0180638298395486,0.0477215240682839,0.225898563652578,0.225898563652578,3.49094489299182,19.9930551070082
"278",277,0.0113366785546174,19.0903822518802,0.0355627870366826,0.0180729655808456,0.047755236864178,0.226217509438501,0.226217509438501,3.49645506120642,19.9875449387936
"279",278,0.0113368769122078,19.0840877280228,0.0356596422702904,0.0180820897195645,0.0477889049993565,0.226536520858191,0.226536520858191,3.50197171635936,19.9820282836406
"280",279,0.0113370617395797,19.0777866394338,0.0357565200567444,0.0180912022406029,0.0478225284140295,0.226855597333848,0.226855597333848,3.50749485344749,19.9765051465525
"281",280,0.0113372330347553,19.0714789921214,0.0358534203204144,0.018100303130076,0.047856107052313,0.227174738317657,0.227174738317657,3.51302446770571,19.9709755322943
"282",281,0.0113373907971176,19.0651647930311,0.0359503429741061,0.0181093923717641,0.0478896408509368,0.227493943178381,0.227493943178381,3.51856055361823,19.9654394463818
"283",282,0.0113375350277346,19.0588440478632,0.0360472879464896,0.0181184699524671,0.0479231297592675,0.227813211399965,0.227813211399965,3.52410310665088,19.9598968933491
"284",283,0.0113376657290166,19.0525167631929,0.0361442551554784,0.0181275358572576,0.0479565737197898,0.228132542388846,0.228132542388846,3.52965212156781,19.9543478784322
"285",284,0.011337782904384,19.0461829448774,0.0362412445281595,0.0181365900730422,0.0479899726823683,0.228451935618101,0.228451935618101,3.53520759369845,19.9487924063015
"286",285,0.0113378865589903,19.03984260002,0.036338255976315,0.018145632583271,0.0480233265872684,0.228771390450537,0.228771390450537,3.54076951737306,19.9432304826269
"287",286,0.0113379766989724,19.033495735096,0.036435289419824,0.0181546633724874,0.0480566353815028,0.229090906307896,0.229090906307896,3.54633788741539,19.9376621125846
"288",287,0.0113380533310599,19.0271423562637,0.036532344782678,0.0181636824265326,0.0480898990152923,0.229410482641999,0.229410482641999,3.55191269889675,19.9320873011032
"289",288,0.0113381164639489,19.0207824706418,0.0366294219772445,0.0181726897289134,0.048123117432005,0.229730118821261,0.229730118821261,3.5574939461136,19.9265060538864
"290",289,0.0113381661056901,19.0144160840724,0.0367265209318351,0.0181816852662526,0.0481562905860878,0.230049814329415,0.230049814329415,3.56308162437891,19.9209183756211
"291",290,0.0113382022662556,19.0080432032938,0.0368236415639494,0.0181906690234647,0.048189418425605,0.2303695685727,0.2303695685727,3.5686757282815,19.9153242717185
"292",291,0.0113382249552928,19.0016638343081,0.0369207838003073,0.0181996409873569,0.0482225009051076,0.230689381024077,0.230689381024077,3.57427625299566,19.9097237470043
"293",292,0.0113382341849828,18.9952779843941,0.0370179475522461,0.0182086011412631,0.0482555379702558,0.231009251046263,0.231009251046263,3.57988319266461,19.9041168073354
"294",293,0.011338229967212,18.9888856601862,0.037115132739241,0.0182175494696457,0.0482885295726179,0.231329178060994,0.231329178060994,3.58549654194307,19.8985034580569
"295",294,0.0113382123138012,18.9824868679937,0.0372123392849007,0.0182264859583178,0.0483214756665214,0.231649161520127,0.231649161520127,3.59111629574253,19.8928837042575
"296",295,0.0113381812388872,18.9760816151092,0.0373095671011517,0.0182354105907768,0.0483543761998278,0.231969200792168,0.231969200792168,3.59674244817585,19.8872575518241
"297",296,0.0113381367545945,18.969669907517,0.0374068161159455,0.0182443233536677,0.0483872311304501,0.232289295360974,0.232289295360974,3.60237499440636,19.8816250055936
"298",297,0.0113380788753023,18.963251752119,0.0375040862463678,0.0182532242319642,0.0484200404102779,0.232609444632958,0.232609444632958,3.60801392885118,19.8759860711488
"299",298,0.0113380076142823,18.9568271550621,0.0376013774187717,0.018262113212554,0.0484528039970991,0.232929648081274,0.232929648081274,3.61365924653259,19.8703407534674
"300",299,0.0113379229878028,18.9503961238007,0.0376986895440517,0.0182709902788572,0.0484855218403277,0.23324990506891,0.23324990506891,3.61931094141041,19.8646890585896
"301",300,0.0113378250110891,18.9439586651282,0.0377960225412826,0.0182798554154202,0.0485181938947374,0.233570215017899,0.233570215017899,3.62496900797351,19.8590309920265
"302",301,0.0113377136989152,18.9375147855043,0.037893376333694,0.0182887086081768,0.0485508201175626,0.233890577380408,0.233890577380408,3.63063344097648,19.8533665590235
"303",302,0.011337589068571,18.9310644923955,0.0379907508327767,0.0182975498407747,0.0485834004598713,0.23421099152534,0.23421099152534,3.63630423435185,19.8476957656481
"304",303,0.011337451134537,18.9246077919275,0.0380881459661273,0.0183063791000011,0.0486159348820741,0.234531456936903,0.234531456936903,3.64198138311593,19.8420186168841
"305",304,0.0113372999137382,18.918144691165,0.0381855616504244,0.0183151963710198,0.0486484233388347,0.234851973021947,0.234851973021947,3.64766488151707,19.8363351184829
"306",305,0.0113371354215352,18.9116751963994,0.0382829978116607,0.0183240016409078,0.0486808657903089,0.235172539254037,0.235172539254037,3.65335472442806,19.8306452755719
"307",306,0.0113369576765505,18.9051993152595,0.0383804543602965,0.018332794893293,0.0487132621886813,0.235493154996687,0.235493154996687,3.65905090562834,19.8249490943717
"308",307,0.0113367666959291,18.8987170546966,0.0384779312150149,0.0183415761129051,0.048745612491123,0.235813819672443,0.235813819672443,3.66475341944356,19.8192465805564
"309",308,0.0113365624961396,18.8922284213204,0.0385754282986749,0.0183503452858885,0.0487779166570574,0.236134532733981,0.236134532733981,3.6704622604739,19.8135377395261
"310",309,0.0113363450962789,18.8857334227693,0.0386729455223424,0.0183591023961369,0.0488101746399891,0.236455293550818,0.236455293550818,3.67617742247431,19.8078225775257
"311",310,0.0113361145121741,18.8792320653099,0.0387704828132679,0.0183678474306519,0.0488423864022472,0.236776101607691,0.236776101607691,3.68189890031633,19.8021010996837
"312",311,0.0113358707622023,18.8727243561683,0.0388680400877339,0.0183765803748661,0.0488745519006412,0.237096956312072,0.237096956312072,3.68762668808206,19.7963733119179
"313",312,0.0113356138629117,18.8662103017792,0.0389656172713826,0.0183853012161107,0.0489066710971757,0.237417857138102,0.237417857138102,3.69336078049702,19.790639219503
"314",313,0.0113353438342622,18.859689909944,0.039063214274253,0.0183940099382944,0.0489387439462186,0.237738803450013,0.237738803450013,3.69910117116291,19.7848988288371
"315",314,0.0113350606944857,18.8531631877711,0.0391608310146478,0.01840270652639,0.048970770406856,0.23805979467103,0.23805979467103,3.7048478542445,19.7791521457555
"316",315,0.0113347644610081,18.8466301420181,0.0392584674150673,0.0184113909668057,0.0490027504402719,0.23838083025449,0.23838083025449,3.71060082418976,19.7733991758102
"317",316,0.0113344551539454,18.8400907804942,0.0393561233861658,0.0184200632437389,0.0490346840019479,0.238701909570695,0.238701909570695,3.7163600745786,19.7676399254214
"318",317,0.0113341327898804,18.8335451096052,0.0394537988548597,0.0184287233444487,0.0490665710557864,0.239023032105041,0.239023032105041,3.72212560013978,19.7618743998602
"319",318,0.0113337973880025,18.8269931367368,0.0395514937370481,0.0184373712546835,0.049098411560368,0.239344197265779,0.239344197265779,3.72789739479149,19.7561026052085
"320",319,0.0113334489655205,18.8204348684656,0.0396492079580352,0.0184460069620672,0.0491302054792363,0.239665404527752,0.239665404527752,3.733675453114,19.750324546886
"321",320,0.0113330875431379,18.8138703127642,0.0397469414274532,0.0184546304508329,0.0491619527685926,0.239986653256064,0.239986653256064,3.7394597685337,19.7445402314663
"322",321,0.0113327131391605,18.8072994766931,0.0398446940655201,0.0184632417066145,0.0491936533902463,0.240307942890752,0.240307942890752,3.74525033522384,19.7387496647761
"323",322,0.0113323257724683,18.8007223675087,0.0399424657904322,0.0184718407154935,0.0492253073049973,0.240629272858201,0.240629272858201,3.75104714719149,19.7329528528085
"324",323,0.0113319254619957,18.7941389924876,0.0400402565203368,0.018480427463675,0.0492569144738028,0.240950642584918,0.240950642584918,3.75685019842272,19.7271498015773
"325",324,0.0113315122267099,18.7875493589268,0.0401380661733371,0.0184890019372338,0.0492884748578952,0.241272051497527,0.241272051497527,3.76265948288299,19.721340517117
"326",325,0.0113310860856246,18.7809534741455,0.0402358946674845,0.0184975641222855,0.0493199884187231,0.24159349902279,0.24159349902279,3.76847499451478,19.7155250054852
"327",326,0.0113306470577917,18.7743513454833,0.0403337419207843,0.0185061140049984,0.0493514551179197,0.241914984587591,0.241914984587591,3.77429672724003,19.70970327276
"328",327,0.0113301951623021,18.7677429803016,0.0404316078511916,0.0185146515715994,0.049382874917319,0.242236507618953,0.242236507618953,3.7801246749581,19.7038753250419
"329",328,0.0113297304182871,18.7611283859876,0.0405294923766027,0.0185231768083822,0.0494142477789903,0.242558067544062,0.242558067544062,3.78595883154205,19.6980411684579
"330",329,0.0113292528449102,18.7545075699503,0.0406273954148646,0.0185316897016787,0.049445573665203,0.242879663790246,0.242879663790246,3.79179919084251,19.6922008091575
"331",330,0.0113287624613587,18.7478805396185,0.0407253168837806,0.0185401902378566,0.0494768525384022,0.243201295784965,0.243201295784965,3.79764574669017,19.6863542533098
"332",331,0.0113282592868423,18.7412473024411,0.0408232567011084,0.0185486784033318,0.0495080843612152,0.243522962955816,0.243522962955816,3.80349849289481,19.6805015071052
"333",332,0.0113277433405927,18.7346078658887,0.0409212147845572,0.0185571541845741,0.0495392690964609,0.243844664730545,0.243844664730545,3.80935742324405,19.6746425767559
"334",333,0.0113272146418616,18.7279622374539,0.0410191910517877,0.0185656175681047,0.0495704067071527,0.244166400537048,0.244166400537048,3.81522253150311,19.6687774684969
"335",334,0.0113266732099189,18.7213104246508,0.0411171854204129,0.0185740685404917,0.0496014971564945,0.244488169803374,0.244488169803374,3.82109381141511,19.6629061885849
"336",335,0.01132611906405,18.714652435015,0.0412151978079991,0.0185825070883508,0.0496325404078772,0.244809971957723,0.244809971957723,3.82697125670132,19.6570287432987
"337",336,0.0113255522235535,18.7079882761029,0.041313228132066,0.0185909331983463,0.0496635364248765,0.245131806428453,0.245131806428453,3.83285486106132,19.6511451389387
"338",337,0.0113249727077401,18.7013179554927,0.0414112763100872,0.0185993468571923,0.049694485171252,0.245453672644074,0.245453672644074,3.83874461817289,19.6452553818271
"339",338,0.0113243805359305,18.6946414807834,0.0415093422594904,0.0186077480516524,0.0497253866109467,0.245775570033258,0.245775570033258,3.84464052169211,19.6393594783079
"340",339,0.0113237757274542,18.6879588595952,0.0416074258976574,0.0186161367685399,0.0497562407080861,0.246097498024837,0.246097498024837,3.85054256525335,19.6334574347466
"341",340,0.0113231583016482,18.6812700995698,0.041705527141925,0.0186245129947169,0.0497870474269772,0.246419456047806,0.246419456047806,3.85645074246933,19.6275492575307
"342",341,0.0113225282778554,18.6745752083696,0.0418036459095848,0.0186328767170955,0.0498178067321075,0.246741443531323,0.246741443531323,3.86236504693116,19.6216349530688
"343",342,0.0113218856754241,18.6678741936781,0.0419017821178839,0.0186412279226373,0.049848518588144,0.247063459904713,0.247063459904713,3.86828547220839,19.6157145277916
"344",343,0.0113212305137061,18.6611670632,0.0419999356840249,0.0186495665983539,0.0498791829599326,0.24738550459747,0.24738550459747,3.87421201184908,19.6097879881509
"345",344,0.0113205628120562,18.6544538246607,0.0420981065251667,0.0186578927313068,0.0499097998124975,0.247707577039257,0.247707577039257,3.88014465937979,19.6038553406202
"346",345,0.0113198825898313,18.6477344858066,0.0421962945584243,0.0186662063086072,0.0499403691110401,0.24802967665991,0.24802967665991,3.88608340830565,19.5979165916943
"347",346,0.0113191898663894,18.6410090544051,0.0422944997008693,0.0186745073174166,0.0499708908209389,0.248351802889438,0.248351802889438,3.89202825211042,19.5919717478896
"348",347,0.0113184846610889,18.6342775382441,0.0423927218695305,0.0186827957449464,0.0500013649077483,0.248673955158026,0.248673955158026,3.89797918425651,19.5860208157435
"349",348,0.0113177669932878,18.6275399451326,0.0424909609813938,0.0186910715784582,0.0500317913371986,0.248996132896036,0.248996132896036,3.90393619818502,19.580063801815
"350",349,0.011317036882343,18.6207962829,0.042589216953403,0.0186993348052638,0.0500621700751953,0.249318335534011,0.249318335534011,3.90989928731579,19.5741007126842
"351",350,0.01131629434761,18.6140465593966,0.0426874897024596,0.0187075854127253,0.0500925010878183,0.249640562502673,0.249640562502673,3.91586844504747,19.5681315549525
"352",351,0.011315539408442,18.6072907824932,0.0427857791454235,0.0187158233882549,0.0501227843413221,0.249962813232928,0.249962813232928,3.92184366475752,19.5621563352425
"353",352,0.0113147720841897,18.6005289600813,0.0428840851991132,0.0187240487193152,0.0501530198021345,0.250285087155866,0.250285087155866,3.92782493980228,19.5561750601977
"354",353,0.0113139923942003,18.5937611000727,0.0429824077803062,0.0187322613934192,0.050183207436857,0.250607383702764,0.250607383702764,3.93381226351699,19.550187736483
"355",354,0.0113132003578176,18.5869872104,0.0430807468057392,0.0187404613981303,0.0502133472122638,0.250929702305089,0.250929702305089,3.93980562921589,19.5441943707841
"356",355,0.0113123959943813,18.580207299016,0.0431791021921087,0.0187486487210622,0.0502434390953018,0.251252042394495,0.251252042394495,3.94580503019221,19.5381949698078
"357",356,0.0113115793232267,18.5734213738939,0.0432774738560708,0.0187568233498792,0.0502734830530903,0.25157440340283,0.25157440340283,3.95181045971821,19.5321895402818
"358",357,0.0113107503636847,18.5666294430273,0.043375861714242,0.018764985272296,0.0503034790529203,0.251896784762135,0.251896784762135,3.95782191104527,19.5261780889547
"359",358,0.0113099091350808,18.5598315144302,0.0434742656831996,0.0187731344760776,0.0503334270622547,0.252219185904646,0.252219185904646,3.96383937740389,19.5201606225961
"360",359,0.0113090556567353,18.5530275961367,0.0435726856794816,0.0187812709490398,0.0503633270487274,0.252541606262798,0.252541606262798,3.96986285200377,19.5141371479962
"361",360,0.0113081899479631,18.546217696201,0.0436711216195871,0.0187893946790487,0.0503931789801436,0.252864045269222,0.252864045269222,3.97589232803383,19.5081076719662
"362",361,0.0113073120280729,18.5394018226977,0.0437695734199771,0.018797505654021,0.0504229828244792,0.253186502356752,0.253186502356752,3.98192779866224,19.5020722013378
"363",362,0.0113064219163678,18.5325799837214,0.0438680409970742,0.018805603861924,0.0504527385498807,0.253508976958424,0.253508976958424,3.98796925703653,19.4960307429635
"364",363,0.0113055196321443,18.5257521873867,0.0439665242672634,0.0188136892907756,0.0504824461246648,0.253831468507478,0.253831468507478,3.99401669628355,19.4899833037164
"365",364,0.0113046051946926,18.5189184418282,0.0440650231468922,0.0188217619286441,0.0505121055173182,0.254153976437358,0.254153976437358,4.00007010950959,19.4839298904904
"366",365,0.0113036786232964,18.5120787552005,0.044163537552271,0.0188298217636484,0.0505417166964976,0.25447650018172,0.25447650018172,4.00612948980037,19.4778705101996
